<?xml version="1.0" encoding="UTF-8"?>
<modification>
	<name>Y.CMS for Opencart 2.0.x - 2.3.x</name>
	<code>ycms.mws</code>
	<version>2.2.6</version>
	<author>Yandex.Money</author>
	<!-- Вставка кнопки в историю заказов-->
	<file path="catalog/controller/account/order.php">
		<operation>
			<search><![CDATA[// History]]></search>
			<add position="before"><![CDATA[$for23 = (version_compare(VERSION, "2.3.0", '>='))?"extension/":"";
            $this->language->load($for23.'payment/yamodule');
            if($order_info['payment_method']==$this->language->get('kassa_title') || $order_info['payment_method']==$this->language->get('p2p_title')){
               $this->session->data['order_id']= $this->request->get['order_id'];
               $data["yamodule"] = $this->load->controller($for23."payment/yamodule");
            }]]></add>
		</operation>
	</file>
	<file path="catalog/view/theme/default/template/account/order_info.tpl">
		<operation>
			<search><![CDATA[</tfoot>]]></search>
			<add position="before"><![CDATA[<?php if (isset($yamodule)) {?><tr>
            <td colspan="<?php if ($products) {echo "6";}else{echo "5";} ?>">
               <?php echo $yamodule; ?>
            </td></tr><?php } ?>]]></add>
		</operation>
	</file>
	<!-- -->
	<file path="admin/model/sale/order.php">
		<operation>
			<search regex="true"><![CDATA[~o.date_added, o.date_modified FROM~]]></search>
			<add><![CDATA[o.date_added, o.date_modified, o.payment_code FROM]]></add>
		</operation>
	</file>
	<file path="admin/language/{english,russian,en-gb,ru-ru}/sale/order.php">
		<operation>
			<search regex="true"><![CDATA[~(\$_\[\'text_add\'\])~]]></search>
			<add><![CDATA[$_['button_invoice_kassa'] = 'Выставление счета';
                            $_['text_add']]]></add>
		</operation>
	</file>
	<file path="system/library/mail.php">
		<operation>
			<search><![CDATA[basename(urlencode($attachment))]]></search>
			<add><![CDATA[urlencode(basename($attachment))]]></add>
		</operation>
	</file>
	<file path="admin/controller/sale/order.php">
		<operation>
			<search><![CDATA['shipping_code' => $result['shipping_code'],]]></search>
			<add position="after"><![CDATA[
			'mws'		=> $this->url->link('tool/mws', 'token=' . $this->session->data['token'] . '&order_id=' . $result['order_id'] . $url, true),
			'payment_code' => (isset($result['payment_code']) && $this->config->get('ya_kassa_active'))?$result['payment_code']:'',]]></add>
		</operation>
		<operation>
			<search><![CDATA[$data['button_add'] = $this->language->get('button_add');]]></search>
			<add position="after"><![CDATA[if($this->config->get('ya_kassa_active')){
			    $data['button_invoice_kassa'] = $this->language->get('button_invoice_kassa');
			    $for23 = (version_compare(VERSION, "2.3.0", '>='))?"extension/":"";
			    $data['invoice_kassa'] = $this->url->link($for23.'payment/yamodule/invoice', 'token=' . $this->session->data['token'], true);
			}]]></add>
		</operation>
	</file>
	<file path="admin/view/template/sale/order_list.tpl">
		<operation>
			<search><![CDATA[<div class="pull-right">]]></search>
			<add position="after"><![CDATA[<?php if(isset($invoice_kassa)){ ?>
			<a href="<?php echo $invoice_kassa; ?>" data-toggle="tooltip" title="<?php echo $button_invoice_kassa; ?>" class="btn btn-warning"><i class="fa fa-envelope"></i></a>
            <?php } ?>]]></add>
		</operation>
		<operation>
			<search regex="true"><![CDATA[~(\<\/i\>\<\/)(button|a)(\>)(\<\/td\>)~]]></search>
			<add><![CDATA[$1$2$3
			    <?php if(isset($order['payment_code']) && $order['payment_code']=='yamodule'){ ?>
				<a href="<?php echo $order['mws']; ?>" data-toggle="tooltip" title="Управление заказом" class="btn btn-success"><i class="fa fa-briefcase"></i></a>
				<?php } ?>$4]]></add>
		</operation>
	</file>
	<file path="catalog/controller/common/footer.php">
		<operation error="skip">
			<search><![CDATA[$data['newsletter'] = $this->url->link('account/newsletter']]></search>
			<add position="after"><![CDATA[$data['yandex_metrika'] = $this->config->get('ya_metrika_code') ? html_entity_decode($this->config->get('ya_metrika_code'), ENT_QUOTES, 'UTF-8') : '';
			$data['ya_metrika_active'] = $this->config->get('ya_metrika_active') ? true : false;
			$data['ya_kassa_show_in_footer'] = $this->config->get('ya_kassa_active') && $this->config->get('ya_kassa_show_in_footer');
			]]></add>
		</operation>
	</file>
	<file path="catalog/controller/checkout/success.php">
		<operation>
			<search><![CDATA[if (isset($this->session->data['order_id'])) {]]></search>
			<add position="after"><![CDATA[$for23 = (version_compare(VERSION, "2.3.0", '>='))?"extension/":"";
			$this->load->model($for23.'yamodel/pokupki');
			$data['script_order'] = $this->{'model_'.str_replace("/", "_", $for23).'yamodel_pokupki'}->getscript($this->session->data['order_id']);]]></add>
		</operation>
	</file>
	<file path="catalog/view/theme/*/template/common/success.tpl">
		<operation>
			<search position="replace"><![CDATA[<?php echo $footer; ?>]]></search>
			<add><![CDATA[
			<?php if (isset($script_order)) { echo $script_order; } ?>
			<?php echo $footer; ?>
			]]></add>
		</operation>
	</file>
	<file path="catalog/view/theme/*/template/common/footer.tpl">
		<operation>
			<search><![CDATA[<footer]]></search>
			<add position="before"><![CDATA[
			<?php if (isset ($ya_metrika_active) && $ya_metrika_active){ ?>
				<?php echo $yandex_metrika; ?>
				<script type="text/javascript">
					var old_addCart = cart.add;
					cart.add = function (product_id, quantity)
					{
						var params_cart = new Array();
						params_cart['name'] = 'product id = '+product_id;
						params_cart['quantity'] = quantity;
						params_cart['price'] = 0;
						old_addCart(product_id, quantity);
						metrikaReach('metrikaCart', params_cart);
					}

					$('#button-cart').on('click', function() {
						var params_cart = new Array();
						params_cart['name'] = 'product id = '+ $('#product input[name="product_id"]').val();
						params_cart['quantity'] = $('#product input[name="quantity"]').val();
						params_cart['price'] = 0;
						metrikaReach('metrikaCart', params_cart);
					});

					function metrikaReach(goal_name, params) {
					for (var i in window) {
						if (/^yaCounter\d+/.test(i)) {
							window[i].reachGoal(goal_name, params);
						}
					}
				}
				</script>
			<?php } ?>]]></add>
		</operation>
		<operation>
			<search><![CDATA[<p><?php echo $powered; ?></p>]]></search>
			<add position="after"><![CDATA[
			<?php if ($ya_kassa_show_in_footer) : ?>
			<p><a href="https://kassa.yandex.ru/?_openstat=promo;merchants;opencart2">Работает Яндекс.Касса</a></p>
			<?php endif; ?>
			]]></add>
		</operation>
	</file>
	<file path="admin/view/template/sale/order_info.tpl">
		<operation>
			<search><![CDATA[$('.alert').remove();]]></search>
			<add><![CDATA[ ]]></add>
		</operation>
		<operation>
			<search><![CDATA[$('#button-history').on('click', function() {]]></search>
			<add position="after"><![CDATA[//
			<?php $for23 = (version_compare(VERSION, "2.3.0", '>='))?"extension/":""; ?>
			$.ajax({
				url: 'index.php?route=<?php echo $for23;?>feed/yamodule/changestatus&token=<?php echo $token; ?>&order_id=<?php echo $order_id; ?>',
				type: 'post',
				dataType: 'json',
				data: 'order_status_id=' + encodeURIComponent($('select[name=\'order_status_id\']').val()) + '&notify=' + ($('input[name=\'notify\']').prop('checked') ? 1 : 0) + '&override=' + ($('input[name=\'override\']').prop('checked') ? 1 : 0) + '&append=' + ($('input[name=\'append\']').prop('checked') ? 1 : 0) + '&comment=' + encodeURIComponent($('textarea[name=\'comment\']').val()),
				beforeSend: function() {
					$('#button-commission-remove').button('loading');
				},
				complete: function() {
					$('#button-commission-remove').button('reset');
				},
				success: function(json) {
					$('.alert').remove();

					if (json['error']) {
						$('#content > .container-fluid').prepend('<div class="alert alert-danger"><i class="fa fa-exclamation-circle"></i> ' + json['error'] + '</div>');
					}

					if (json['success']) {
						$('#content > .container-fluid').prepend('<div class="alert alert-success"><i class="fa fa-check-circle"></i> ' + json['success'] + '</div>');

						$('#button-commission-remove').replaceWith('<button id="button-commission-add" data-toggle="tooltip" title="<?php echo $button_commission_add; ?>" class="btn btn-success btn-xs"><i class="fa fa-plus-circle"></i></button>');
					}
				},
				error: function(xhr, ajaxOptions, thrownError) {
					alert(thrownError + "\r\n" + xhr.statusText + "\r\n" + xhr.responseText);
				}
			});
			//
			]]></add>
		</operation>
	</file>
</modification>