<?xml version="1.0" encoding="UTF-8"?>
<modification>
	<name>Y.CMS</name>
	<code>ycms.mws</code>
	<version>1.0.0</version>
	<author>Yandex.Money</author>
	
	<file path="admin/model/sale/order.php">
		<operation>
			<search position="replace"><![CDATA[$sql = "SELECT o.order_id, CONCAT(o.firstname, ' ', o.lastname) AS customer, (SELECT os.name FROM " . DB_PREFIX . "order_status os WHERE os.order_status_id = o.order_status_id AND os.language_id = '" . (int)$this->config->get('config_language_id') . "') AS status, o.shipping_code, o.total, o.currency_code, o.currency_value, o.date_added, o.date_modified FROM `" . DB_PREFIX . "order` o";]]></search>
			<add><![CDATA[$sql = "SELECT o.order_id, CONCAT(o.firstname, ' ', o.lastname) AS customer, (SELECT os.name FROM " . DB_PREFIX . "order_status os WHERE os.order_status_id = o.order_status_id AND os.language_id = '" . (int)$this->config->get('config_language_id') . "') AS status, o.shipping_code, o.total, o.currency_code, o.currency_value, o.date_added, o.date_modified, o.payment_code FROM `" . DB_PREFIX . "order` o";
			]]></add>
		</operation>
	</file>
	<file path="admin/controller/sale/order.php">
		<operation>
			<search position="replace"><![CDATA['view'          => $this->url->link('sale/order/info', 'token=' . $this->session->data['token'] . '&order_id=' . $result['order_id'] . $url, 'SSL'),]]></search>
			<add><![CDATA[
			'mws'		=> $this->url->link('yamodule/mws', 'token=' . $this->session->data['token'] . '&order_id=' . $result['order_id'] . $url, 'SSL'),
			'payment_code'		=> $result['payment_code'],
			'view'	=> $this->url->link('sale/order/info', 'token=' . $this->session->data['token'] . '&order_id=' . $result['order_id'] . $url, 'SSL'),
			]]></add>
		</operation>
	</file>
	<file path="admin/view/template/sale/order_list.tpl">
		<operation>
			<search position="replace"><![CDATA[<td class="text-right"><a href="<?php echo $order['view']; ?>" data-toggle="tooltip" title="<?php echo $button_view; ?>" class="btn btn-info"><i class="fa fa-eye"></i></a> <a href="<?php echo $order['edit']; ?>" data-toggle="tooltip" title="<?php echo $button_edit; ?>" class="btn btn-primary"><i class="fa fa-pencil"></i></a>]]></search>
			<add><![CDATA[<td class="text-right">
				<a href="<?php echo $order['view']; ?>" data-toggle="tooltip" title="<?php echo $button_view; ?>" class="btn btn-info"><i class="fa fa-eye"></i></a>
				<?php if($order['payment_code']=='yamodule'){ ?>
				<a href="<?php echo $order['mws']; ?>" data-toggle="tooltip" title="Управление заказом" class="btn btn-success"><i class="fa fa-briefcase"></i></a>
				<?php } ?>
				<a href="<?php echo $order['edit']; ?>" data-toggle="tooltip" title="<?php echo $button_edit; ?>" class="btn btn-primary"><i class="fa fa-pencil"></i></a>]]></add>
		</operation>
	</file>
	<file name="catalog/controller/common/footer.php">
		<operation>
			<search position="after"><![CDATA[$data['newsletter'] = $this->url->link('account/newsletter', '', 'SSL');]]></search>
			<add><![CDATA[
			$data['yandex_metrika'] = $this->config->get('ya_metrika_code') ? html_entity_decode($this->config->get('ya_metrika_code'), ENT_QUOTES, 'UTF-8') : '';
			$data['ya_metrika_active'] = $this->config->get('ya_metrika_active') ? true : false;
			]]></add>
		</operation>
	</file>
	<file name="catalog/controller/checkout/success.php">
		<operation>
			<search position="after"><![CDATA[if (isset($this->session->data['order_id'])) {]]></search>
			<add><![CDATA[
			$this->load->model('yamodel/pokupki');
			$data['script_order'] = $this->model_yamodel_pokupki->getscript($this->session->data['order_id']);
			]]></add>
		</operation>
	</file>
	<file name="catalog/view/theme/default/template/common/success.tpl">
		<operation>
			<search position="before"><![CDATA[<?php echo $footer; ?>]]></search>
			<add><![CDATA[
			<?php if (isset($script_order)) { echo $script_order; } ?>
			]]></add>
		</operation>
	</file>
	<file name="catalog/view/theme/default/template/common/footer.tpl">
		<operation>
			<search position="before"><![CDATA[<footer>]]></search>
			<add><![CDATA[
			<?php if ($ya_metrika_active){ ?>
				<?php echo $yandex_metrika; ?>
				<script type="text/javascript">
					var old_addCart = cart.add;
					cart.add = function (product_id, quantity)
					{
						var params_cart = new Array();
						params_cart['name'] = 'product id = '+product_id;
						params_cart['quantity'] = quantity;
						params_cart['price'] = 0;
						old_addCart(product_id, quantity);
						metrikaReach('metrikaCart', params_cart);
					}

					$('#button-cart').on('click', function() {
						var params_cart = new Array();
						params_cart['name'] = 'product id = '+ $('#product input[name="product_id"]').val();
						params_cart['quantity'] = $('#product input[name="quantity"]').val();
						params_cart['price'] = 0;
						metrikaReach('metrikaCart', params_cart);
					});

					function metrikaReach(goal_name, params) {
					for (var i in window) {
						if (/^yaCounter\d+/.test(i)) {
							window[i].reachGoal(goal_name, params);
						}
					}
				}
				</script>
			<?php } ?>
			]]></add>
		</operation>
	</file>
</modification>