<?xml version="1.0" encoding="UTF-8"?>
<modification>
	<name>Y.CMS</name>
	<code>ycms.mws</code>
	<version>1.0.0</version>
	<author>kassa.yandex.ru</author>
	
	<file path="admin/model/sale/order.php">
		<operation>
			<search position="replace"><![CDATA[$sql = "SELECT o.order_id, CONCAT(o.firstname, ' ', o.lastname) AS customer, (SELECT os.name FROM " . DB_PREFIX . "order_status os WHERE os.order_status_id = o.order_status_id AND os.language_id = '" . (int)$this->config->get('config_language_id') . "') AS status, o.shipping_code, o.total, o.currency_code, o.currency_value, o.date_added, o.date_modified FROM `" . DB_PREFIX . "order` o";]]></search>
			<add><![CDATA[$sql = "SELECT o.order_id, CONCAT(o.firstname, ' ', o.lastname) AS customer, (SELECT os.name FROM " . DB_PREFIX . "order_status os WHERE os.order_status_id = o.order_status_id AND os.language_id = '" . (int)$this->config->get('config_language_id') . "') AS status, o.shipping_code, o.total, o.currency_code, o.currency_value, o.date_added, o.date_modified, o.payment_code FROM `" . DB_PREFIX . "order` o";
			]]></add>
		</operation>
	</file>
	<file path="admin/controller/sale/order.php">
		<operation>
			<search position="replace"><![CDATA['view'          => $this->url->link('sale/order/info', 'token=' . $this->session->data['token'] . '&order_id=' . $result['order_id'] . $url, 'SSL'),]]></search>
			<add><![CDATA[
			'mws'		=> $this->url->link('yamodule/mws', 'token=' . $this->session->data['token'] . '&order_id=' . $result['order_id'] . $url, 'SSL'),
			'payment_code'		=> $result['payment_code'],
			'view'	=> $this->url->link('sale/order/info', 'token=' . $this->session->data['token'] . '&order_id=' . $result['order_id'] . $url, 'SSL'),
			]]></add>
		</operation>
	</file>
	<file path="admin/view/template/sale/order_list.tpl">
		<operation>
			<search position="replace"><![CDATA[<td class="text-right"><a href="<?php echo $order['view']; ?>" data-toggle="tooltip" title="<?php echo $button_view; ?>" class="btn btn-info"><i class="fa fa-eye"></i></a> <a href="<?php echo $order['edit']; ?>" data-toggle="tooltip" title="<?php echo $button_edit; ?>" class="btn btn-primary"><i class="fa fa-pencil"></i></a> <a href="<?php echo $order['delete']; ?>" id="button-delete<?php echo $order['order_id']; ?>" data-toggle="tooltip" title="<?php echo $button_delete; ?>" class="btn btn-danger"><i class="fa fa-trash-o"></i></a></td>]]></search>
			<add><![CDATA[<td class="text-right">
				<a href="<?php echo $order['view']; ?>" data-toggle="tooltip" title="<?php echo $button_view; ?>" class="btn btn-info"><i class="fa fa-eye"></i></a>
				<?php if($order['payment_code']=='yamodule'){ ?>
				<a href="<?php echo $order['mws']; ?>" data-toggle="tooltip" title="Управление заказом" class="btn btn-success"><i class="fa fa-briefcase"></i></a>
				<?php } ?>
				<a href="<?php echo $order['edit']; ?>" data-toggle="tooltip" title="<?php echo $button_edit; ?>" class="btn btn-primary"><i class="fa fa-pencil"></i></a>
				<a href="<?php echo $order['delete']; ?>" id="button-delete<?php echo $order['order_id']; ?>" data-toggle="tooltip" title="<?php echo $button_delete; ?>" class="btn btn-danger"><i class="fa fa-trash-o"></i></a>
			</td>]]></add>
		</operation>
	</file>
</modification>