<?xml version="1.0" encoding="UTF-8"?>
<modification>
	<name>Y.CMS for Opencart 2.3.x</name>
	<code>ycms.mws</code>
	<version>2.0.0</version>
	<author>Yandex.Money</author>

	<file path="admin/model/sale/order.php">
		<operation>
			<search position="replace"><![CDATA[$sql = "SELECT o.order_id, CONCAT(o.firstname, ' ', o.lastname) AS customer, (SELECT os.name FROM " . DB_PREFIX . "order_status os WHERE os.order_status_id = o.order_status_id AND os.language_id = '" . (int)$this->config->get('config_language_id') . "') AS order_status, o.shipping_code, o.total, o.currency_code, o.currency_value, o.date_added, o.date_modified FROM `" . DB_PREFIX . "order` o";]]></search>
			<add><![CDATA[$sql = "SELECT o.order_id, CONCAT(o.firstname, ' ', o.lastname) AS customer, (SELECT os.name FROM " . DB_PREFIX . "order_status os WHERE os.order_status_id = o.order_status_id AND os.language_id = '" . (int)$this->config->get('config_language_id') . "') AS order_status, o.shipping_code, o.total, o.currency_code, o.currency_value, o.date_added, o.date_modified, o.payment_code FROM `" . DB_PREFIX . "order` o";
			]]></add>
		</operation>
		<operation>
			<search position="replace"><![CDATA[$sql = "SELECT o.order_id, CONCAT(o.firstname, ' ', o.lastname) AS customer, (SELECT os.name FROM " . DB_PREFIX . "order_status os WHERE os.order_status_id = o.order_status_id AND os.language_id = '" . (int)$this->config->get('config_language_id') . "') AS status, o.shipping_code, o.total, o.currency_code, o.currency_value, o.date_added, o.date_modified FROM `" . DB_PREFIX . "order` o";]]></search>
			<add><![CDATA[$sql = "SELECT o.order_id, CONCAT(o.firstname, ' ', o.lastname) AS customer, (SELECT os.name FROM " . DB_PREFIX . "order_status os WHERE os.order_status_id = o.order_status_id AND os.language_id = '" . (int)$this->config->get('config_language_id') . "') AS status, o.shipping_code, o.total, o.currency_code, o.currency_value, o.date_added, o.date_modified, o.payment_code FROM `" . DB_PREFIX . "order` o";
			]]></add>
		</operation>
	</file>
	<file path="admin/language/*/sale/order.php">
		<operation>
			<search position="replace"><![CDATA[$_['text_add']                   = 'Add Order';]]></search>
			<add><![CDATA[$_['text_add']                   = 'Add Order';
$_['button_invoice_kassa']                   = 'Выставление счета';]]></add>
		</operation>
	</file>

	<file path="system/library/mail.php">
		<operation>
			<search position="replace"><![CDATA[basename(urlencode($attachment))]]></search>
			<add><![CDATA[urlencode(basename($attachment))]]></add>
		</operation>
	</file>

	<file path="admin/controller/sale/order.php">
		<operation>
			<search position="replace"><![CDATA['view'          => $this->url->link('sale/order/info', 'token=' . $this->session->data['token'] . '&order_id=' . $result['order_id'] . $url, true),]]></search>
			<add><![CDATA[
			'mws'		=> $this->url->link('tool/mws', 'token=' . $this->session->data['token'] . '&order_id=' . $result['order_id'] . $url, true),
			'payment_code'		=> isset($result['payment_code'])?$result['payment_code']:'',
			'view'	=> $this->url->link('sale/order/info', 'token=' . $this->session->data['token'] . '&order_id=' . $result['order_id'] . $url, true),
			]]></add>
		</operation>
		<operation>
			<search position="replace"><![CDATA[$data['button_add'] = $this->language->get('button_add');]]></search>
			<add><![CDATA[$data['button_add'] = $this->language->get('button_add');
			$data['button_invoice_kassa'] = $this->language->get('button_invoice_kassa');
			$data['invoice_kassa'] = $this->url->link('extension/payment/yamodule/invoice', 'token=' . $this->session->data['token'], true);
			]]></add>
		</operation>
	</file>
	<file path="admin/view/template/sale/order_list.tpl">
		<operation>
			<search position="replace"><![CDATA[<a href="<?php echo $add; ?>" data-toggle="tooltip" title="<?php echo $button_add; ?>" class="btn btn-primary"><i class="fa fa-plus"></i></a>]]></search>
			<add><![CDATA[<a href="<?php echo $add; ?>" data-toggle="tooltip" title="<?php echo $button_add; ?>" class="btn btn-primary"><i class="fa fa-plus"></i></a>
			        <a href="<?php echo $invoice_kassa; ?>" data-toggle="tooltip" title="<?php echo $button_invoice_kassa; ?>" class="btn btn-warning"><i class="fa fa-envelope"></i></a></div>]]></add>
		</operation>
		<operation>
			<search position="replace"><![CDATA[<td class="text-right"><a href="<?php echo $order['view']; ?>" data-toggle="tooltip" title="<?php echo $button_view; ?>" class="btn btn-info"><i class="fa fa-eye"></i></a> <a href="<?php echo $order['edit']; ?>" data-toggle="tooltip" title="<?php echo $button_edit; ?>" class="btn btn-primary"><i class="fa fa-pencil"></i></a>]]></search>
			<add><![CDATA[<td class="text-right">
				<a href="<?php echo $order['view']; ?>" data-toggle="tooltip" title="<?php echo $button_view; ?>" class="btn btn-info"><i class="fa fa-eye"></i></a>
				<?php if(isset($order['payment_code']) && $order['payment_code']=='yamodule'){ ?>
				<a href="<?php echo $order['mws']; ?>" data-toggle="tooltip" title="Управление заказом" class="btn btn-success"><i class="fa fa-briefcase"></i></a>
				<?php } ?>
				<a href="<?php echo $order['edit']; ?>" data-toggle="tooltip" title="<?php echo $button_edit; ?>" class="btn btn-primary"><i class="fa fa-pencil"></i></a>]]></add>
		</operation>
	</file>
	<file path="catalog/controller/common/footer.php">
		<operation  error="skip">
			<search position="replace"><![CDATA[$data['newsletter'] = $this->url->link('account/newsletter', '', 'SSL');]]></search>
			<add><![CDATA[ $data['newsletter'] = $this->url->link('account/newsletter', '', 'SSL');
			$data['yandex_metrika'] = $this->config->get('ya_metrika_code') ? html_entity_decode($this->config->get('ya_metrika_code'), ENT_QUOTES, 'UTF-8') : '';
			$data['ya_metrika_active'] = $this->config->get('ya_metrika_active') ? true : false;
			]]></add>
		</operation>
		<operation  error="skip">
			<search position="replace"><![CDATA[$data['newsletter'] = $this->url->link('account/newsletter', '', true);]]></search>
			<add><![CDATA[ $data['newsletter'] = $this->url->link('account/newsletter', '', true);
			$data['yandex_metrika'] = $this->config->get('ya_metrika_code') ? html_entity_decode($this->config->get('ya_metrika_code'), ENT_QUOTES, 'UTF-8') : '';
			$data['ya_metrika_active'] = $this->config->get('ya_metrika_active') ? true : false;
			]]></add>
		</operation>
	</file>
	<file path="catalog/controller/checkout/success.php">
		<operation>
			<search position="replace"><![CDATA[if (isset($this->session->data['order_id'])) {]]></search>
			<add><![CDATA[ if (isset($this->session->data['order_id'])) {
			$this->load->model('extension/yamodel/pokupki');
			$data['script_order'] = $this->model_extension_yamodel_pokupki->getscript($this->session->data['order_id']);
			]]></add>
		</operation>
	</file>
	<file path="catalog/view/theme/*/template/common/success.tpl">
		<operation>
			<search position="replace"><![CDATA[<?php echo $footer; ?>]]></search>
			<add><![CDATA[
			<?php if (isset($script_order)) { echo $script_order; } ?>
			<?php echo $footer; ?>
			]]></add>
		</operation>
	</file>
	<file path="catalog/view/theme/*/template/common/footer.tpl">
		<operation>
			<search position="replace"><![CDATA[<footer>]]></search>
			<add><![CDATA[
			<?php if (isset ($ya_metrika_active) && $ya_metrika_active){ ?>
				<?php echo $yandex_metrika; ?>
				<script type="text/javascript">
					var old_addCart = cart.add;
					cart.add = function (product_id, quantity)
					{
						var params_cart = new Array();
						params_cart['name'] = 'product id = '+product_id;
						params_cart['quantity'] = quantity;
						params_cart['price'] = 0;
						old_addCart(product_id, quantity);
						metrikaReach('metrikaCart', params_cart);
					}

					$('#button-cart').on('click', function() {
						var params_cart = new Array();
						params_cart['name'] = 'product id = '+ $('#product input[name="product_id"]').val();
						params_cart['quantity'] = $('#product input[name="quantity"]').val();
						params_cart['price'] = 0;
						metrikaReach('metrikaCart', params_cart);
					});

					function metrikaReach(goal_name, params) {
					for (var i in window) {
						if (/^yaCounter\d+/.test(i)) {
							window[i].reachGoal(goal_name, params);
						}
					}
				}
				</script>
			<?php } ?>
			<footer>
			]]></add>
		</operation>
	</file>
	<file path="admin/view/template/sale/order_info.tpl">
		<operation>
			<search position="replace"><![CDATA[$('.alert').remove();]]></search>
			<add><![CDATA[
			]]></add>
		</operation>
		<operation>
			<search position="replace"><![CDATA[$('#button-history').on('click', function() {]]></search>
			<add><![CDATA[$('#button-history').on('click', function() {
			//
			$.ajax({
				url: 'index.php?route=extension/feed/yamodule/changestatus&token=<?php echo $token; ?>&order_id=<?php echo $order_id; ?>',
				type: 'post',
				dataType: 'json',
				data: 'order_status_id=' + encodeURIComponent($('select[name=\'order_status_id\']').val()) + '&notify=' + ($('input[name=\'notify\']').prop('checked') ? 1 : 0) + '&override=' + ($('input[name=\'override\']').prop('checked') ? 1 : 0) + '&append=' + ($('input[name=\'append\']').prop('checked') ? 1 : 0) + '&comment=' + encodeURIComponent($('textarea[name=\'comment\']').val()),
				beforeSend: function() {
					$('#button-commission-remove').button('loading');
				},
				complete: function() {
					$('#button-commission-remove').button('reset');
				},
				success: function(json) {
					$('.alert').remove();

					if (json['error']) {
						$('#content > .container-fluid').prepend('<div class="alert alert-danger"><i class="fa fa-exclamation-circle"></i> ' + json['error'] + '</div>');
					}

					if (json['success']) {
						$('#content > .container-fluid').prepend('<div class="alert alert-success"><i class="fa fa-check-circle"></i> ' + json['success'] + '</div>');

						$('#button-commission-remove').replaceWith('<button id="button-commission-add" data-toggle="tooltip" title="<?php echo $button_commission_add; ?>" class="btn btn-success btn-xs"><i class="fa fa-plus-circle"></i></button>');
					}
				},
				error: function(xhr, ajaxOptions, thrownError) {
					alert(thrownError + "\r\n" + xhr.statusText + "\r\n" + xhr.responseText);
				}
			});
			//
			]]></add>
		</operation>
	</file>
</modification>